id,newOffsetDate,oldDate
019d8b39-f703-7343-b218-24af7c0e5d76,2026-11-02T17:00+01:00, 2026-11-01T23:00:00.000Z
019d8b40-5fba-7159-903e-56642458c901,2026-11-02T17:00+01:00, 2026-11-01T23:00:00.000Z
019d8b40-603c-718a-ad75-285663f70932,2026-11-02T17:00+01:00, 2026-11-01T23:00:00.000Z
019d8b41-4b24-72ec-a826-94a09838c3ab,2026-11-02T13:55+01:00, 2026-11-01T23:00:00.000Z
019d8b42-3456-77dc-aad8-0050ce90088e,2026-11-02T08:25+01:00, 2026-11-01T23:00:00.000Z
019d8b44-08de-72c8-b63d-dcbd9c1429c8,2026-11-02T08:25+01:00, 2026-11-01T23:00:00.000Z
019d8b46-c843-7654-868d-3f201da2f9c1,2026-11-02T08:25+01:00, 2026-11-01T23:00:00.000Z
019d8b46-c8ae-736a-9a84-e2aea50090aa,2026-11-02T13:55+01:00, 2026-11-01T23:00:00.000Z
019d8b48-9d61-7148-bc31-9c90aed6fb87,2026-11-02T17:00+01:00, 2026-11-01T23:00:00.000Z
